variable,총생산량,총판매량
총생산량,1.0,0.9453171833543431
총판매량,0.9453171833543431,1.0
